Date,Industrial_Production_Index_UK,Exchange_Rate_UK,Interest_Rate_UK,International_Reserves_UK,CPI_Index_UK,Industrial_Production_Index_Germany,Exchange_Rate_Germany,International_Reserves_Germany,CPI_Index_Germany
1970-01-01,62.0397085097365,0.416666999416667,8.0,2577.81000042554,9.0217695579804,54.6774555183068,3.66000000266,7018.19587475877,31.4005743273798
1970-02-01,65.934578102276,0.416666999416667,8.0,2642.12000036054,9.06837691880895,58.0437016803838,3.66000000266,7184.09878412972,31.4705101002594
1970-03-01,65.1926981798875,0.416666999416667,7.5,2709.50500032031,9.12164231551692,60.6405201482717,3.66000000266,7362.27280802484,31.6103816460187
1970-04-01,64.8217582186932,0.416666999416667,7.0,2759.50500031995,9.26146328832994,60.183672454847,3.66000000266,7521.38128438009,31.7502531917779
1970-05-01,62.8743234224235,0.416666999416667,7.0,2766.50500030028,9.2880954318476,65.4414283651386,3.66000000266,7851.03133611603,31.7502531917779
1970-06-01,63.5234683545134,0.416666999416667,7.0,2790.94500030028,9.31472868503791,60.7046391227875,3.66000000266,8847.78142451031,31.8201889646576
1970-07-01,56.66107907242,0.416666999416667,7.0,2796.19000030378,9.38130904383207,54.8056934673384,3.66000000266,10011.508173211,31.8201889646576
1970-08-01,54.5281742955531,0.416666999416667,7.0,2752.88000030478,9.3746521176253,52.5294698720292,3.66000000266,10275.5049281498,31.8201889646576
1970-09-01,63.5234683545134,0.416666999416667,7.0,2666.19000028481,9.42125836878121,59.021516041749,3.66000000266,11332.2461244806,31.8201889646576
1970-10-01,66.3055180634702,0.416666999416667,7.0,2738.40000028481,9.52113112631774,61.2256057907279,3.66000000266,11917.2390651046,31.9600492085789
1970-11-01,67.1401329761572,0.416666999416667,7.0,2803.46000026264,9.58771148511189,64.0147811821631,3.66000000266,13594.8659187471,32.0999207543382
1970-12-01,62.8743234224235,0.416666999416667,7.0,2826.76500026573,9.65429406325134,60.183672454847,3.66000000266,13623.7192993405,32.309728072977
1971-01-01,63.7089383351105,0.416666999416667,7.0,3001.61500061383,9.78745478083965,58.372311424777,3.66000000266,14042.4429316543,32.6593956355372
1971-02-01,65.285433170186,0.416666999416667,7.0,3194.21000063483,9.84072128722027,59.6707206587209,3.66000000266,14881.8642938929,32.9391387270557
1971-03-01,66.3055180634702,0.416666999416667,7.0,3817.01000048183,9.92061771777326,59.4703488633592,3.66000000266,15837.2892848515,33.079010272815
1971-04-01,61.6687685485422,0.416666999416667,6.0,4400.00000048816,10.1336781949325,62.9087288717664,3.66000000266,16765.6615371441,33.2888062896159
1971-05-01,63.9871433060062,0.416666999416667,6.0,4472.98500049266,10.2002596633993,63.0369668207979,3.548399999,19121.0405837237,33.3587420624956
1971-06-01,62.8743234224235,0.416666999416667,6.0,5320.33000049196,10.2734991677455,62.3236432293101,3.512999999,16883.5075208701,33.4986136082548
1971-07-01,55.9191991500315,0.416666999416667,6.0,5661.20500052096,10.3334226003329,55.9678498804363,3.481999999,17229.6641048848,33.638485154014
1971-08-01,54.1572343343589,0.411015207731613,6.0,5897.2800005317,10.3400806362123,51.3673134589311,3.416399999,17027.1140060051,33.638485154014
1971-09-01,62.9670584127221,0.404907478805081,5.0,6313.2800005567,10.3533967079712,60.1195534803311,3.361699999,17369.3324730964,33.7084209268937
1971-10-01,65.099963189589,0.401445202890986,5.0,6910.28000059171,10.4133201405585,62.8446098972506,3.326099999,17572.2758650042,33.848281170815
1971-11-01,66.9546629955602,0.401123144966355,5.0,7822.28000059482,10.4732435731459,64.271257080226,3.331399999,17793.9625735854,33.9182169436946
1971-12-01,62.2251784903336,0.395882818842392,5.0,8832.09169416575,10.5265078601812,57.3944970634117,3.46972211739649,18725.4845851935,34.0580884894539
1972-01-01,61.2050935970494,0.388802488487093,5.0,9229.94211349362,10.5864312927686,57.2021401398645,3.231799999,19410.6702811346,34.4776918248937
1972-02-01,58.6085138686898,0.38402457772044,5.0,9190.98601018435,10.6396966894766,59.4062298888434,3.186399999,20196.9277157069,34.617563370653
1972-03-01,64.8217582186933,0.381533765883836,5.0,9273.67001915928,10.6729868688737,61.8748104076998,3.169999999,20237.4154371108,34.8273706892918
1972-04-01,63.2452633836178,0.383141762598905,5.0,9041.67226636698,10.7728596264102,65.3773093906227,3.177799999,20286.1528511849,34.9672309332132
1972-05-01,64.450818257499,0.382848392183326,5.0,9059.67222372701,10.8261250231182,63.7502904122856,3.179499999,20349.1602967741,34.9672309332132
1972-06-01,64.8217582186933,0.388198757914673,6.0,8874.67251126968,10.8993645274644,63.0369668207979,3.171099999,23168.3781109297,35.1071024789724
1972-07-01,57.1247540239128,0.409332787723837,6.0,6081.55419909806,10.9326547068615,57.073902190833,3.160099999,25371.1360600057,35.3868455704909
1972-08-01,55.5482591888373,0.40816326547272,6.0,6090.96833096936,11.0192102829665,53.3149273098471,3.185799999,25138.4304726447,35.3868455704909
1972-09-01,66.3055180634702,0.409668168951114,6.0,6089.96838639393,11.0791337155539,62.5881339991876,3.192299999,24699.4316347962,35.7365131330511
1972-10-01,69.4585077336212,0.417362270624943,7.5,5859.96840878545,11.2322729794711,64.5357478501036,3.206699999,24435.3266503112,35.8763846788104
1972-11-01,72.0550874619809,0.425170068207981,7.5,5895.96845689398,11.2722211947475,68.81568939903,3.204099999,24108.8191368136,36.0861919974492
1972-12-01,66.9546629955601,0.426439232591232,9.0,5646.96848948363,11.3321435176623,67.2527893952085,3.198099999,23689.3433779343,36.2260522413706
1973-01-01,68.7166278112327,0.424448217497644,8.75,5658.93652915714,11.4053819123359,60.4481632247245,3.197299999,23637.8164041791,36.6456555768104
1973-02-01,72.4260274231751,0.412201154333141,8.75,5917.80496468682,11.4786203070094,66.2188709311421,3.010099999,29619.7606691765,36.8554628954493
1973-03-01,75.1153421418334,0.403714170530365,8.5,6035.80496464061,11.5452006658036,65.7620232377173,2.8269,32292.1230827726,37.1352059869678
1973-04-01,67.4183379470529,0.402738622796109,8.25,6117.80498335511,11.7649158498243,69.5290129905177,2.836799999,31958.0128932486,37.3450020037688
1973-05-01,68.9948327821284,0.395100750847531,7.75,6738.80498321648,11.8514814129832,67.6455181141175,2.792699999,31537.0907712247,37.6247450952873
1973-06-01,71.0350025686967,0.388198757914673,7.5,7012.80498321648,11.9114037358979,69.1362842716087,2.578499999,33059.7903067821,37.8345524139261
1973-07-01,62.7815884321249,0.393391030839257,11.5,6627.80498317027,11.9646680229332,57.5948688587735,2.334199999,35123.4094876496,37.9744239596854
1973-08-01,60.1850087037652,0.403714170530365,11.5,6516.11832582785,11.9979582023303,57.5948688587735,2.424199999,34087.213665763,37.9744239596854
1973-09-01,70.6640626075024,0.413052457832735,11.5,6382.11832573543,12.104486776401,68.422960680121,2.423599999,36081.6054979297,37.9744239596854
1973-10-01,74.0025222582506,0.411861614667159,11.25,6761.11832568923,12.3441760680599,67.3890422160545,2.412599999,35799.4544101826,38.2541557493659
1973-11-01,75.393547112729,0.418410042016071,13.0,6646.11832564302,12.4373885703717,71.8613406885281,2.579399999,34512.0392060542,38.7436948576854
1973-12-01,66.5837230343658,0.431220353786641,13.0,6476.11832559681,12.5306010726836,70.4988124800684,2.654899999,33385.3416019778,39.0933624202456
1974-01-01,62.7815884321248,0.449640287971961,12.75,6178.11832559681,12.770301461069,61.4820816887909,2.810399999,32224.5007502427,39.3731055117641
1974-02-01,67.4183379470528,0.439580999,12.5,5966.1183255506,12.9873978176438,65.8261422122331,2.714099999,32294.4178195373,39.7227843761622
1974-03-01,71.6841475007866,0.427678999,12.5,6444.23165816197,13.102326613649,66.7398375990825,2.621299999,33456.9613684062,39.792708847204
1974-04-01,68.1602178694413,0.418811999,12.0,6956.23168676512,13.5492916589606,68.5511986291525,2.523099999,34573.4056822754,40.0724519387224
1974-05-01,70.5713276172038,0.414330999,11.75,6920.2316866727,13.7408433512114,67.773756063149,2.458799999,34999.2326365484,40.2822592573613
1974-06-01,71.3132075395923,0.418460999,11.75,6777.56680240975,13.8813168115406,71.4686119696192,2.525799999,34738.788450494,40.4221308031206
1974-07-01,63.5234683545133,0.418683999,11.75,6735.81647685114,14.0090179397078,58.6929062973557,2.552599999,34371.3756169742,40.5619910470419
1974-08-01,60.8341536358551,0.426282999,11.75,6870.84048343087,14.0217902718698,55.3907791097946,2.616999999,33509.027428057,40.6319268199215
1974-09-01,70.2931226463081,0.431782999,11.5,7204.24737470025,14.175036064361,64.9204616971981,2.661599999,32932.9145271499,40.7018625928011
1974-10-01,71.6841475007865,0.428764999,11.5,7603.96615722647,14.4559829850194,64.9204616971981,2.594099999,32519.0716660011,40.9816056843196
1974-11-01,73.6315822970563,0.429592999,11.5,7918.42164848583,14.7113852413538,69.3927601696717,2.516199999,33323.4633909704,41.2613374740002
1974-12-01,64.8217582186931,0.429464999,11.5,6925.66673330558,14.9284815979286,63.1732196416439,2.457999999,33169.0908468823,41.3312732468799
1975-01-01,66.6764580246643,0.423323999,11.0,6996.68487568627,15.3115849824302,56.681173471924,2.3649,33954.2139165095,41.7508765823197
1975-02-01,71.3132075395923,0.417793999,10.5,7271.89530145435,15.566998335491,60.4481632247244,2.329299999,35015.684487981,41.9606839009586
1975-03-01,68.8093628015312,0.413654999,10.0,7292.31586180524,15.873478823747,64.1430191311946,2.3165,35228.3890725336,42.1704912195974
1975-04-01,65.1926981798873,0.421935999,9.75,7277.13785023728,16.4864619937118,61.0332488671807,2.3747,34388.1064961964,42.5201587821576
1975-05-01,63.152528393319,0.430693999,10.0,6669.73527649211,17.1760569631959,63.8865432331316,2.348599999,34067.4861023307,42.7299661007965
1975-06-01,63.4307333642147,0.438200999,10.0,6362.61368359477,17.5080821157758,62.1954052802786,2.340499999,33503.9162540753,43.0796336633567
1975-07-01,56.6610790724199,0.457729999,11.0,6330.05573951939,17.6868614758646,52.0165180759031,2.4663,32279.9211096616,43.0796336633567
1975-08-01,52.9516794604775,0.472966999,11.0,6072.45440867632,17.7890290364343,52.9221985909381,2.576099999,32005.5663597795,43.0096978904771
1975-09-01,64.1726132866032,0.479374999,11.0,5887.68591720516,17.9422748289255,60.7687580973032,2.615899999,31599.7660065035,43.219505209116
1975-10-01,67.9747478888441,0.486429999,12.0,5789.8820878753,18.1976770852599,62.7804909227349,2.5815,32307.8120356578,43.2894409819956
1975-11-01,69.8294476948153,0.487729999,11.75,5657.03845750508,18.4147734418347,68.9439273480614,2.585399999,31824.4343583994,43.4293125277548
1975-12-01,62.5033834612291,0.494657999,11.25,5486.68202707813,18.6446421305715,64.2071381057103,2.623799999,31554.5776931019,43.5691727716762
1976-01-01,63.4307333642147,0.493105999,10.5,4853.89514130793,18.8872720547438,59.8630775822682,2.603199999,31608.7976893899,43.9188516360743
1976-02-01,69.3657727433225,0.493382999,9.5,7083.88572257388,19.1299130756427,64.9845806717138,2.559499999,32427.6563564334,44.1985834257549
1976-03-01,71.0350025686966,0.514246999,9.0,5954.16888194536,19.2320695394858,63.9506622076473,2.560099999,35550.0969026602,44.3384549715141
1976-04-01,64.636288238096,0.541184999,10.5,4875.07585470988,19.6024116885519,67.6455181141175,2.536299999,35234.9512085104,44.548262290153
1976-05-01,67.6965429179485,0.552548999,11.5,5450.41353952322,19.8195080451267,67.4531611905703,2.560899999,34313.0573946426,44.6181980630326
1976-06-01,64.2653482769018,0.567204999,11.5,5347.47276397427,19.9216645089699,68.679436578184,2.5763,34045.6005863446,44.6881225340744
1976-07-01,59.5358637716752,0.559819999,11.5,5416.02363916437,19.9599815054559,57.0097832163173,2.574299999,33774.7879782726,44.6181980630326
1976-08-01,55.9191991500314,0.560949999,11.5,5084.53863236615,20.2409284261143,56.4888165483768,2.527699999,35099.8444575697,44.758058306954
1976-09-01,67.4183379470528,0.578110999,13.0,5253.3277801633,20.5091030146107,66.6035847782365,2.492099999,36016.5928092713,44.8279940798336
1976-10-01,72.1478224522793,0.609932999,15.0,4808.83078996655,20.8794451636767,68.8798083735457,2.429499999,36891.53640025,44.8979298527132
1976-11-01,74.4661972097433,0.611267999,14.75,5261.75531875791,21.1731533197707,71.7331027394966,2.410999999,35719.8858906159,45.0378013984725
1976-12-01,67.789277908247,0.596360999,14.25,4262.87485994223,21.4541002404291,65.8902611867488,2.385099999,35944.7741055297,45.1776729442317
1977-01-01,69.5512427239196,0.583656999,12.25,7299.78156586785,22.0159940817459,63.3655765651911,2.390399999,35465.5729180387,45.6672120525512
1977-02-01,74.8371371709375,0.584790999,12.0,7909.94552931419,22.2330904383207,66.8039565735982,2.404199999,35623.0982903033,45.87701937119
1977-03-01,76.413632006013,0.582367999,9.5,9734.35036994326,22.4501867948955,67.5172801650859,2.391299999,35754.5384967743,45.9469438422318
1977-04-01,68.7166278112326,0.581676999,8.75,10254.6149258285,23.0248529683743,70.4988124800684,2.372899999,35715.8850302261,46.1567511608706
1977-05-01,72.7042323940706,0.581900999,8.0,10051.8229356219,23.2036323284631,68.1023658075422,2.358299999,35960.1345745178,46.2966227066299
1977-06-01,66.3982530537686,0.581648999,8.0,11756.9392473237,23.4462733493619,69.4568791441874,2.354299999,35452.5153096227,46.5064187234308
1977-07-01,62.7815884321248,0.580767999,8.0,13638.4778897879,23.4718069169595,58.1078206548995,2.283999999,36400.0383002968,46.4364829505512
1977-08-01,59.5358637716752,0.574709999,7.0,15046.4904557664,23.5867468096911,57.0097832163172,2.315299999,36173.7367510621,46.4364829505512
1977-09-01,70.5713276172038,0.573619999,6.0,17376.1094311142,23.7144479378583,67.5813991396017,2.323699999,35809.8201891697,46.5064187234308
1977-10-01,73.5388473067577,0.564896999,5.0,20467.255517194,23.8166044017015,69.4568791441874,2.277699999,37039.1433063416,46.5064187234308
1977-11-01,74.9298721612361,0.549670999,7.0,20711.7976385764,23.9315442944331,72.5746642800158,2.241499999,38249.3786522709,46.5763544963105
1977-12-01,68.9948327821283,0.539554999,7.0,21050.0729806716,24.0592454226003,69.0080463225772,2.1526,41392.1597134695,46.7162260420697
1978-01-01,70.0149176754124,0.517084999,6.5,21386.5184220576,24.1997188829295,63.8865432331316,2.118399999,42347.1448445151,47.0659049064678
1978-02-01,75.3935471127289,0.515534999,6.5,21359.2710295444,24.3401923432587,62.1873904084641,2.075499999,43692.9719547232,47.2057651503892
1978-03-01,73.1679073455635,0.524162999,6.5,21001.9369550332,24.49343813575,66.0024693921514,2.034099999,44068.4652539943,47.3456366961484
1978-04-01,75.0226071515347,0.540373999,7.5,17666.9283970254,24.851007952654,64.3754504138142,2.040399999,43042.9922619095,47.5554440147873
1978-05-01,69.5512427239197,0.550242999,9.0,17269.972322233,24.9914703162567,63.2453534879741,2.105999999,41672.6652901703,47.6253797876669
1978-06-01,71.9623524716822,0.544763999,10.0,17231.0363932446,25.1830331052339,64.303316567484,2.084099999,42359.554634458,47.7652400315882
1978-07-01,66.7691930149629,0.527720999,10.0,17530.5656772376,25.2979619012391,61.1294273289543,2.053899999,42758.0769832473,47.6953042587086
1978-08-01,63.2452633836176,0.514993999,10.0,17334.9940280379,25.4639800258924,59.7829288641235,1.996199999,44864.1208250658,47.6253797876669
1978-09-01,74.4661972097433,0.510803999,10.0,17540.7384073235,25.5661364897355,69.0401058098351,1.970799999,46594.8623255243,47.5554440147873
1978-10-01,74.5589322000419,0.498524999,10.0,17349.6092183173,25.6810763824672,71.6529540213519,1.8438,52053.0314050645,47.6253797876669
1978-11-01,77.2482469187001,0.509441999,12.5,16718.6373891128,25.8598557425559,70.0980688893449,1.898,54347.8424501191,47.7652400315882
1978-12-01,71.4059425298908,0.504404999,12.5,16990.060971547,26.0769520991308,68.7595852963286,1.882299999,57817.5802547578,47.9051115773475
1979-01-01,66.30551806347,0.498758999,12.5,17530.5477871374,26.4600554836323,64.8002386199809,1.847299999,55912.0261447746,48.394650685667
1979-02-01,78.3610668022828,0.498962999,14.0,17965.9257457367,26.6771518402071,64.5197181064745,1.856199999,53936.2575110519,48.5345222314262
1979-03-01,81.3285864918367,0.490755999,13.0,21905.037717928,26.894248196782,70.8113924808326,1.8603,56185.9497411338,48.8142653229447
1979-04-01,72.5187624134735,0.482355999,12.0,21291.8922556557,27.3539855742556,68.2626632438315,1.893799999,55139.1233613987,49.0240613397457
1979-05-01,73.3533773261606,0.486184999,12.0,21368.1560533787,27.5710708341039,68.1905293975013,1.907599999,52425.4480298832,49.1639328855049
1979-06-01,77.8046568604914,0.474060999,14.0,22050.7094547418,28.0435805437396,68.7595852963285,1.882799999,54558.6545660585,49.4436646751855
1979-07-01,69.5512427239196,0.442621999,14.0,23519.5836826286,29.2567523580544,65.8582016994908,1.823899999,56255.5577624907,49.723407766704
1979-08-01,62.8743234224233,0.446833999,14.0,23347.1539575738,29.4866210467912,62.2595242547943,1.8291,54931.7309240977,49.7933435395836
1979-09-01,73.3533773261605,0.455312999,14.0,23127.2582011916,29.7803402996116,70.4587381209959,1.795499999,60209.5355141341,50.0031508582225
1979-10-01,75.3935471127288,0.465868999,14.0,22383.4355528067,30.086831884594,74.7627242853657,1.788899999,60043.2553374979,50.0730866311021
1979-11-01,79.4738866858655,0.469779999,17.0,22631.3590598291,30.3550064730904,73.7768950521861,1.774999999,57176.6811395999,50.3528184207827
1979-12-01,70.942267578398,0.454675999,17.0,23000.8710085124,30.5720917329388,71.5167012005059,1.734199999,60455.8595987849,50.4926899665419
1980-01-01,71.9623524716821,0.441724999,17.0,23871.854784257,31.3255483632328,68.4790647828221,1.723599999,59544.2096185029,50.7724330580604
1980-02-01,76.3208970157144,0.436582999,17.0,23932.6088679134,31.772502311818,68.6874514499983,1.747199999,56843.9552336608,51.4018324103012
1980-03-01,76.9700419478043,0.453359999,17.0,26962.872280719,32.2066950249676,73.7047612058559,1.849399999,53350.7757812453,51.6116397289401
1980-04-01,67.4183379470527,0.451646999,17.0,28700.5599814211,33.3049380432772,69.6812955549925,1.872799999,56061.3823250921,51.8913715186207
1980-05-01,66.8619280052613,0.434431999,17.0,28856.9075529451,33.6114296282597,67.9821427303251,1.7917,56035.3806961762,52.1711146101392
1980-06-01,70.0149176754123,0.427889999,17.0,29243.4542914093,33.9306824486776,67.7016222168187,1.767099999,57533.2737316848,52.3109861558984
1980-07-01,62.8743234224233,0.421563999,16.0,29210.8538465453,34.211629369336,65.3692945188082,1.747099999,58834.2079319201,52.3809219287781
1980-08-01,58.2375739074953,0.422101999,16.0,29224.0270843087,34.2882522655816,61.1294273289542,1.790099999,58822.212654635,52.4508577016577
1980-09-01,66.6764580246643,0.416333999,16.0,28507.8759770125,34.5053486221565,69.1122396561652,1.789499999,57012.7520343475,52.4508577016577
1980-10-01,68.7166278112326,0.413934999,16.0,28453.3436561442,34.7224449787313,73.4242406923495,1.8407,54912.8279380012,52.5207934745373
1980-11-01,71.1277375589951,0.416972999,14.0,28448.4337026089,35.0033918993897,71.1640468406692,1.920099999,55719.787077688,52.8704610370975
1980-12-01,62.8743234224233,0.426994999,14.0,27638.4895312903,35.1949435916405,67.485220677828,1.972699999,55580.193178349,53.2900643725374
1981-01-01,63.4307333642147,0.415834999,14.0,27895.6314179566,35.4120399482153,64.2391975929681,2.007599999,55613.7266666311,53.7796147826947
1981-02-01,69.8294476948153,0.435707999,14.0,27746.5553257398,35.7313038653597,66.3551237519879,2.143599999,53824.8303691128,54.1992181181345
1981-03-01,70.5713276172038,0.448624999,12.0,28202.1252870405,36.2676530423525,71.8693555603425,2.108699999,56614.5177539865,54.6188214535744
1981-04-01,63.8016733254089,0.459185999,12.0,27431.9921399858,37.3148178287405,67.5573545241583,2.160199999,55790.8544811288,54.8985645450929
1981-05-01,62.5961184515277,0.478524999,12.0,25472.0875182474,37.5574477529129,66.2829899056577,2.291499999,56030.6651542216,55.1782963347735
1981-06-01,66.7691930149628,0.506263999,12.0,24350.6998679508,37.7745441094877,65.9303355458211,2.375799999,54373.60885621,55.3881036534123
1981-07-01,61.0196236164521,0.533190999,12.0,23056.8430581435,37.9405622341409,64.1670637466379,2.439899999,52956.2960635344,55.7377712159725
1981-08-01,57.4029589948083,0.549824999,12.6875,23134.5568418519,38.2215091547993,59.8550627104537,2.500999999,51573.8523690992,55.8776427617318
1981-09-01,66.6764580246643,0.551201999,14.0,22900.6723618468,38.4386055113741,70.1702027356751,2.357299999,53049.3802070461,56.1573858532503
1981-10-01,70.2931226463081,0.542722999,15.125,22438.8728672617,38.7834029961161,73.9211627448466,2.252199999,50319.0914067378,56.4371176429309
1981-11-01,71.4986775201893,0.525827999,14.5625,22895.0663358125,39.1920510449417,71.1640468406692,2.224499999,50850.367026912,56.7168607344494
1981-12-01,62.7815884321247,0.524783999,14.375,22571.4769914455,39.4346809691141,67.3489678569821,2.2577,49790.2983002691,56.8567209783707
1982-01-01,64.0798782963046,0.530090999,13.875,22238.6542726419,39.6645496578509,63.9506622076473,2.292,47535.805500679,57.3462600866902
1982-02-01,70.4785926269052,0.541534999,13.625,22082.3786369849,39.6773219900129,64.7281047736508,2.366499999,46835.9530991027,57.4162071614077
1982-03-01,71.1277375589951,0.553157999,13.25,18969.5556572379,40.0221194747549,72.013623253003,2.379099999,46847.4552467561,57.4162071614077
1982-04-01,64.3580832672003,0.564887999,13.125,18240.8092116095,40.8266432402441,67.6294883704885,2.396599999,47808.288048949,57.6260031782087
1982-05-01,65.1926981798873,0.551739999,13.125,17986.845326333,41.1203624930645,65.8582016994909,2.307699999,48338.1431848372,58.0456065136485
1982-06-01,65.3781681604844,0.569372999,12.625,17471.900062618,41.2352912890697,65.2250268261478,2.429799999,47368.40313601,58.6750284695651
1982-07-01,60.834153635855,0.576232999,11.625,17707.8895708751,41.2480636212317,59.9271965567839,2.463799999,46570.5846140847,58.7449529406068
1982-08-01,57.5884289754054,0.579182999,10.625,17758.3850644348,41.2608359533938,57.5948688587735,2.478099999,46047.6979277583,58.6750284695651
1982-09-01,66.6764580246642,0.583598999,10.125,17821.5457592592,41.2352912890697,66.7799119581548,2.501799999,45931.1528347472,58.8848244863661
1982-10-01,69.3657727433224,0.589160999,9.625,17867.1718092534,41.439626410209,68.8317191426588,2.529999999,47259.0784506021,59.1645675778845
1982-11-01,70.0149176754123,0.612816999,10.0,17633.0350981325,41.6439504346218,66.6356442654943,2.555199999,48953.3433887362,59.3044278218059
1982-12-01,63.5234683545132,0.617583999,10.0,16959.3516846915,41.5673275383762,63.3896211806345,2.418499999,50522.1450888483,59.4442993675652
1983-01-01,64.821758218693,0.635619999,11.0,17042.7579095431,41.6184057702978,61.4820816887909,2.388399999,51755.8418742107,59.7240424590836
1983-02-01,72.1478224522792,0.652728999,11.0,16376.6148174397,41.7971851303865,62.0431227158037,2.426699999,53547.5358312059,59.7240424590836
1983-03-01,71.6841475007864,0.670904999,10.5625,17337.318846218,41.8738080266321,69.4648940160019,2.408199999,55499.2525278258,59.7240424590836
1983-04-01,65.8418431119772,0.648717999,10.0625,17505.203511671,42.461246532273,65.2971606724781,2.438699999,51105.722322742,59.8639140048429
1983-05-01,66.6764580246642,0.635349999,10.0625,17796.2054067971,42.6400258923617,64.1670637466379,2.468199999,50374.3172451886,60.0037742487642
1983-06-01,65.8418431119772,0.645076999,9.5625,17510.614370043,42.7421934529314,66.7077781118246,2.5475,49287.5810322741,60.2135815674031
1983-07-01,62.317913480632,0.654064999,9.5625,17527.9606276797,42.9720621416682,60.3519847629507,2.587599999,49466.2439567121,60.423388886042
1983-08-01,59.4431287813766,0.665710999,9.5625,17454.9941530053,43.163613833919,58.3001775784467,2.672999999,47893.3909156853,60.6331849028429
1983-09-01,68.623892820934,0.667158999,9.5625,17512.665323808,43.3551655261698,68.903852988989,2.668099999,48442.0916384693,60.7730564486022
1983-10-01,72.0550874619807,0.667726999,9.0625,17718.7038714871,43.508411318661,71.5888350468361,2.601699999,49711.9678503135,60.7730564486022
1983-11-01,74.0025222582504,0.676648999,9.0625,17587.386467442,43.6616571111522,71.091912994339,2.683299999,49293.5497535682,60.9129279943614
1983-12-01,65.7491081216786,0.696984999,9.0625,17253.8080957146,43.7765859071574,68.406930936492,2.747699999,47700.2872828338,61.0527882382828
1984-01-01,68.9020977918296,0.710017999,9.0625,17029.103846402,43.7510412428334,65.2250268261479,2.806399999,47094.7942725929,61.2625955569216
1984-02-01,74.6516671903403,0.695129999,9.0625,17628.0351143044,43.9298316996486,66.9963134971455,2.704999999,50393.5800985069,61.4724028755605
1984-03-01,75.3008121224303,0.686740999,8.5625,16963.0549796227,44.0703051599778,71.2361806869995,2.596099999,51636.3779839523,61.5423386484401
1984-04-01,66.1200480828729,0.702726999,8.5625,15908.3979085428,44.6577325688922,66.5715252909786,2.641099999,51257.6316347832,61.6122744213198
1984-05-01,65.0999631895887,0.719860999,9.0625,15752.7138794884,44.8237506935454,66.7077781118246,2.750399999,49887.8007454188,61.6821988923615
1984-06-01,67.3256029567541,0.725883,8.875,15308.9066956782,44.9386794895506,59.9271965567839,2.737,49146.1197747432,61.8920062110003
1984-07-01,61.2978285873478,0.757402,12.0,14987.0844606576,44.887601257629,64.663985799135,2.847099999,48302.9372036647,61.8220704381207
1984-08-01,59.4431287813766,0.761356,10.5,14984.6226668293,45.3090216386166,60.7767729691176,2.8871,48419.8615856556,61.6821988923615
1984-09-01,68.7166278112325,0.794383,10.5,14663.1338661339,45.3984168670242,70.3866042746658,3.0225,45397.0711573159,61.7521346652411
1984-10-01,70.6640626075022,0.820313,10.5,14750.4091757919,45.6793637876826,75.6123006976996,3.0685,45579.0179954591,62.1018135296392
1984-11-01,72.1478224522792,0.80537,9.5,14781.4653778802,45.8198372480118,73.4242406923496,2.9886,45074.7766843148,62.1717493025188
1984-12-01,64.7290232283945,0.842496,9.5,14915.8734475626,45.7815202515258,70.098068889345,3.1015,44489.330749977,62.2416737735606
1985-01-01,68.2529528597397,0.885801,13.875,14686.4041363725,45.947538376179,67.4130868314979,3.1677,43515.2317283737,62.5913526379587
1985-02-01,74.929872161236,0.91266,13.875,14298.0709008923,46.3002034399852,67.9821427303252,3.2921,42160.4466299749,62.8710957294772
1985-03-01,78.6392717731784,0.894962,12.875,13788.9512316207,46.7536378768263,74.4822037718595,3.3092,41586.9569752073,63.0808917462781
1985-04-01,69.458507733621,0.805315999,12.375,14278.8586296102,47.7612539300906,70.0339499148292,3.083,42325.9486531018,63.1508275191578
1985-05-01,69.0875677724267,0.800777,12.375,14260.1566875186,47.9627815794341,69.3927601696717,3.1139,43260.4679541409,63.1508275191578
1985-06-01,73.1679073455633,0.780799,12.375,14661.4362496506,48.0635398557425,69.961816068499,3.063099999,43943.8115689382,63.1508275191578
1985-07-01,65.1926981798873,0.72627,11.375,15073.0799601651,47.9627815794341,68.7595852963287,2.9168,45974.8128985278,63.1508275191578
1985-08-01,63.5234683545132,0.72202,11.375,15053.3366189017,48.1139300906233,62.7564463072915,2.79,46910.0824935568,62.9410202005189
1985-09-01,73.7243172873547,0.733788,11.375,15249.9394552562,48.0635398557425,73.1437201788432,2.8401,47908.7720260829,63.0109559733985
1985-10-01,74.3734622194446,0.702780999,11.375,17501.9035300169,48.164298132051,79.0025914752199,2.6444,46237.8367451867,63.0808917462781
1985-11-01,77.9901268410884,0.694505999,11.375,17400.1104552014,48.3154466432402,77.0309330088606,2.592799999,49819.2319489042,63.1508275191578
1985-12-01,67.6965429179483,0.691272,11.375,17168.9257469244,48.3658257813945,70.5949909418421,2.5145,49941.9453531708,63.2207632920374
1986-01-01,72.3332924328763,0.701973,12.375,17366.2962987655,48.4665951544294,69.2565073488258,2.4438,50837.7777201703,63.4305593088383
1986-02-01,72.7969673843691,0.699812,12.375,18099.9860258677,48.6681117070464,70.3866042746659,2.3314,52879.0091107796,63.3606348377966
1986-03-01,77.6191868798942,0.682016,11.375,18866.9496203886,48.7184908452007,75.3317801841932,2.2638,51391.9104953207,63.1508275191578
1986-04-01,73.0751723552648,0.668419,10.375,19556.6486470595,49.222304420196,74.0574155656927,2.274499999,51890.7257841767,63.1508275191578
1986-05-01,69.8294476948152,0.656906,9.875,19312.7686046777,49.2726835583503,69.8175483758386,2.228199999,49154.4259258018,63.1508275191578
1986-06-01,70.1076526657109,0.663719,9.875,19749.8403221818,49.2726835583503,72.0777422275188,2.236499999,50858.589418421,63.1508275191578
1986-07-01,68.6238928209339,0.662699,9.875,19980.5304327206,49.1215461438875,70.1702027356753,2.1532,51884.5672511209,62.9410202005189
1986-08-01,63.5234683545132,0.672789,9.875,19933.6651620845,49.2726835583503,63.9506622076474,2.0636,53410.9336224585,62.7312241837179
1986-09-01,74.929872161236,0.679133,9.875,23486.1681793914,49.524590345848,74.4100699255293,2.0401,55748.3076482485,62.8011599565975
1986-10-01,80.401236588851,0.700417,10.875,22909.1727718249,49.6253486221565,79.1468591678805,2.0047,59466.1961247481,62.5913526379587
1986-11-01,77.3409819089985,0.702389,10.875,23242.0976955848,50.0284039208434,76.1092227501967,2.0264,58521.123426202,62.521416865079
1986-12-01,74.5589322000417,0.696096,10.875,23319.7723875576,50.1795413353061,71.4445673541758,1.9916,58787.8215584113,62.5913526379587
1987-01-01,72.9824373649662,0.664052,10.875,23898.0949423248,50.3810689846495,67.6294883704886,1.8581,69839.3760994274,62.9410202005189
1987-02-01,75.3008121224302,0.65514,10.875,24167.8010669768,50.582596633993,70.3866042746659,1.8265,69917.861123695,63.0109559733985
1987-03-01,83.2760212881063,0.628116,9.875,27300.6162529087,50.6833549103015,76.1092227501967,1.8339,68020.7723773524,63.0109559733985
1987-04-01,73.5388473067576,0.613425,9.375,30234.7497191525,51.2879378583318,72.9273186398526,1.811,69668.2479161231,63.1508275191578
1987-05-01,71.4986775201893,0.59982,8.875,34896.770665809,51.3383058997596,71.7972217140124,1.7863,70922.0622409134,63.1508275191578
1987-06-01,74.8371371709375,0.61348,8.875,34508.208061754,51.3383058997596,71.5888350468363,1.8184,69771.5180304123,63.2207632920374
1987-07-01,72.2405574425778,0.621163,8.875,34875.4784762967,51.2879378583318,68.4069309364921,1.847,68277.6859335928,63.2207632920374
1987-08-01,67.140132976157,0.626973,9.875,34665.5813893343,51.4390752727945,64.9445063126415,1.8581,69364.291309828,63.1508275191578
1987-09-01,77.4337168992971,0.608124,9.875,34943.1650735153,51.5902126872573,74.9069919780264,1.8129,70996.0980029156,63.0808917462781
1987-10-01,82.5341413657179,0.602222,9.375,42349.2204240703,51.8421194747549,79.9964355802141,1.8021,74568.1893299747,63.1508275191578
1987-11-01,81.9777314239266,0.563414,8.875,43222.6747400091,52.0940262622526,77.8083755748641,1.6812,84675.8725163738,63.1508275191578
1987-12-01,78.2683318119842,0.547189,8.375,47507.1879584049,52.0436471240984,72.9994524861827,1.6332,87412.6509248766,63.2207632920374
1988-01-01,76.2281620254159,0.554719,8.375,45128.4129864451,52.0436471240984,69.6812955549926,1.6517,84552.2310504158,63.500495081718
1988-02-01,80.0302966276568,0.569359,8.875,44833.5495066349,52.1546143887553,72.2941437665094,1.6976,81428.6754642833,63.6403666274772
1988-03-01,88.8401207060199,0.54646,8.375,47864.1264514518,52.3765489180692,79.0747253215501,1.678,81194.705137202,63.6403666274772
1988-04-01,75.4862821030274,0.533136,7.875,48009.102290816,53.0423525060107,73.7768950521862,1.6733,81937.114157957,63.7802381732365
1988-05-01,77.3409819089986,0.534529,7.375,48135.1852625258,53.2642870353246,72.7910658190065,1.6934,79187.1946877074,63.9201097189957
1988-06-01,79.0102117343726,0.561462,8.875,46891.7378768021,53.4862215646384,75.4039140305233,1.7557,72312.8696421078,63.9900341900374
1988-07-01,73.0751723552648,0.58647,10.375,47667.724783488,53.4862215646384,69.4648940160019,1.844,68637.0375263125,63.9900341900374
1988-08-01,73.5388473067576,0.589082,11.875,48299.3050148784,53.8191233586092,69.2565073488257,1.8874,66341.4183866612,63.9201097189957
1988-09-01,82.9978163172107,0.594033,11.875,48188.2334055951,54.0410578879231,78.6499371153832,1.8669,65277.5626735394,63.9900341900374
1988-10-01,84.1106362007934,0.576306,11.875,48891.3834775704,54.3739596818938,82.5371499454006,1.8215,67768.7221400509,64.059981264755
1988-11-01,88.2837107642286,0.553232,12.875,50434.1086531761,54.7068614758646,80.9822648133936,1.7497,69548.803245032,64.2697772815559
1988-12-01,79.1956817149697,0.547254,12.875,50569.2066181319,54.7068614758646,76.8866653162001,1.7555,66217.2786189938,64.4096488273152
1989-01-01,80.4939715791496,0.563114,12.875,49490.8428987179,54.9287960051785,74.1295494120228,1.8304,62282.520139188,64.9691237085142
1989-02-01,81.0503815209409,0.570181,12.875,49914.1210487367,55.1507305344923,74.7627242853658,1.8521,63127.1408774379,65.1789310271531
1989-03-01,88.7473857157214,0.583088,12.875,46872.4508577117,55.4836323284631,81.9039750720576,1.8653,62203.5672777943,65.2488668000327
1989-04-01,80.0302966276568,0.588154,12.875,47374.7059379899,56.0384686517477,79.7800340412233,1.8704,63627.8443127155,65.6684701354726
1989-05-01,80.6794415597467,0.613493,13.75,45042.1078224101,56.4823377103754,73.9852817193623,1.9503,62246.0999899185,65.7384059083522
1989-06-01,80.4939715791496,0.64408,13.75,42832.4179878353,56.5933049750324,79.8521678875535,1.9809,62791.9112636095,65.8083416812318
1989-07-01,74.6516671903403,0.616559,13.75,43803.0252349685,56.5933049750324,74.69860531085,1.8941,64246.3166314571,65.7384059083522
1989-08-01,75.5790170933259,0.626031,13.8438,42456.3703676003,56.7042722396893,71.6529540213519,1.926,63868.9093723527,65.7384059083522
1989-09-01,81.7922614433294,0.636873,13.75,42935.607330714,57.148141298317,81.9761089183878,1.9526,65039.4711131061,65.8083416812318
1989-10-01,86.3362759679588,0.629829,14.875,40561.9393288865,57.5920103569447,87.2739391877518,1.8665,66984.0196065239,66.0181376980328
1989-11-01,88.7473857157214,0.635778,14.875,39497.2686686326,57.8139448862585,84.7332248225651,1.8305,67299.9465814313,66.158009243792
1989-12-01,79.4738866858654,0.626893,14.875,40225.4688937367,57.9249121509155,80.4212237863809,1.7414,68770.8746178595,66.3678165624309
1990-01-01,81.884996433628,0.605595,14.875,40099.6801877038,58.1468466802293,78.3694166018768,1.6918,68950.3667233367,66.7174841249911
1990-02-01,80.4939715791496,0.589663,14.875,40093.2900014485,58.701683003514,78.5858181408675,1.676,69982.7949030696,66.9972272165096
1990-03-01,91.158495463484,0.61546,14.875,39314.3752374015,58.9236175328278,87.1296714950913,1.7045,69567.6986922397,66.9972272165096
1990-04-01,79.1956817149698,0.611011,14.875,39214.9022363468,60.3661919733678,79.7800340412234,1.6882,69701.9849596987,67.137087460431
1990-05-01,82.1632014045237,0.595893,14.875,39053.0853068133,61.0319955613094,81.2708001987146,1.6617,70727.7233721584,67.2769590061902
1990-06-01,81.3285864918367,0.585561,14.875,39481.4263927134,61.2539300906233,81.7597073793972,1.684,71640.0798160129,67.3468947790698
1990-07-01,76.0426920448188,0.55355,14.875,40239.1740911698,61.2539300906233,78.7942048080437,1.6399,71072.396009484,67.3468947790698
1990-08-01,75.1153421418332,0.526976,14.875,40949.7835294444,61.8087664139079,75.9649550575362,1.5707,72425.7385732047,67.5567020977087
1990-09-01,79.1029467246713,0.532042,14.875,40960.6029800863,62.3636027371925,86.4964966217483,1.5697,73197.5736206214,67.7665094163475
1990-10-01,87.2636258709445,0.51423,13.875,41130.7369083729,62.9184390604772,92.643903303446,1.5233,75011.9268302281,68.256048524667
1990-11-01,86.7072159291532,0.509196,13.875,40984.7528000114,63.140373589791,89.4619991931018,1.487,76166.0747088573,68.1161769789078
1990-12-01,77.8046568604915,0.518949,13.875,41088.4628473062,63.2513408544479,83.8115145639013,1.492,77064.2076742664,68.1861127517874
1991-01-01,81.050381520941,0.517223,13.875,41323.3171396597,63.2513408544479,83.0340719978978,1.51,77402.6713302511,68.6057160872272
1991-02-01,79.7520916567612,0.508804,12.875,44340.1673390534,63.4732753837618,80.8268371726373,1.4799,75426.3088215542,68.905745977763
1991-03-01,84.5743111522863,0.546677,12.375,42316.2267862191,63.8061771777326,84.8208811421564,1.6022,67097.3462679081,68.905745977763
1991-04-01,77.89739185079,0.571755,11.875,43585.5265345526,65.1377843536157,86.2923710256635,1.7031,67622.6851112441,69.2057645664609
1991-05-01,78.1755968216857,0.579301,11.375,43544.9249128453,65.6926206769003,79.6706665498817,1.717,68393.4208043737,69.4057844934847
1991-06-01,75.6717520836245,0.607077,11.375,43248.7638615033,66.0255224708711,86.2923710256635,1.7843,65246.9353456298,69.8058130456945
1991-07-01,75.3008121224303,0.607024,10.875,44299.887863184,65.8035879415572,81.9830077953928,1.7887,67323.4976509471,70.605881451952
1991-08-01,70.2003876560095,0.594139,10.875,44323.3750919179,66.4693915294988,73.679600595603,1.7452,68058.5274382331,70.605881451952
1991-09-01,77.3409819089986,0.580229,10.375,45405.9069767442,66.6913260588126,84.8208811421564,1.6981,69457.1818938493,70.605881451952
1991-10-01,84.6670461425848,0.580619,10.375,44942.8878093442,67.0242278527834,90.2864149951826,1.6915,68541.0682731132,71.7059797487452
1991-11-01,83.1832862978078,0.562644,10.375,45496.3823764946,67.1351951174403,87.028115967417,1.625,69895.6523031481,72.0059983374431
1991-12-01,77.8973918507899,0.548692,10.375,46930.9846085626,67.3571296467542,79.9859858106332,1.5695,72029.8670286827,72.106008300955
1992-01-01,78.5465367828799,0.55212,10.375,46202.649828827,67.1351951174403,81.2472628536393,1.5774,69293.4079263691,72.5060481550027
1992-02-01,79.2884167052683,0.562936,10.375,45900.0167918692,67.4680969114111,82.8238591573968,1.6197,69880.9793503238,72.9060767072125
1992-03-01,87.0781558903473,0.57991,10.375,44971.0740740741,67.8009987053819,89.2353507926776,1.6611,69974.7945882364,73.2060952959104
1992-04-01,77.9901268410885,0.569306,10.375,45658.3165219297,68.5777695579804,83.8749233599019,1.6483,71494.7126157666,73.5061251864462
1992-05-01,74.0025222582504,0.552351,9.875,46509.6176745745,69.0216386166081,79.1451344486292,1.6206,71057.0195212806,73.7061338116321
1992-06-01,78.4538017925813,0.539743,9.875,47441.6744951555,69.0216386166081,83.4544976788999,1.574,73070.3391262177,73.906153738656
1992-07-01,75.764487073923,0.521128,9.875,48128.5238865461,68.7997040872942,79.5655601296312,1.4909,72601.4735048892,74.1061736656798
1992-08-01,69.5512427239196,0.515814,9.875,48301.0628438394,68.9106713519512,70.9468336690899,1.451,76768.6877874805,74.1061736656798
1992-09-01,80.2157666082539,0.540741,8.875,45140.4102745375,69.132605881265,86.1872646054129,1.4477,129967.911140166,74.1061736656798
1992-10-01,84.7597811328833,0.603548,7.875,43348.0986545194,69.3545404105789,87.238328807918,1.4816,97306.0695749909,74.1061736656798
1992-11-01,83.6469612493006,0.655092,6.875,42370.9577486541,69.3545404105789,83.6647105194009,1.5877,94082.5685250675,74.4062035562156
1992-12-01,80.4939715791496,0.644601,6.875,41411.0270738515,69.4655076752358,77.6736445651222,1.5798,99447.8733610199,74.5062022178896
1993-01-01,76.5991019866101,0.652755,5.875,42492.3682719547,69.243573145922,69.1600245248314,1.6158,94630.305146393,75.8063204417067
1993-02-01,79.566621676164,0.695672,5.875,42836.627186283,69.5764749398927,72.3132171323465,1.6416,86216.4870483912,76.4063689209403
1993-03-01,90.3238805507969,0.68489,5.875,41277.2612341883,69.9093767338635,84.5055618814049,1.6474,78750.7089262368,76.6063775461263
1993-04-01,79.1029467246712,0.64673,5.875,42570.7913042364,70.3532457924912,75.2561968993606,1.596,78708.0108781285,76.8063974731501
1993-05-01,77.89739185079,0.645826,5.875,42710.0048282335,70.5751803218051,71.787685031094,1.60605,79234.3571123852,76.9064074366621
1993-06-01,79.1956817149698,0.661392,5.875,41616.5225278335,70.5751803218051,78.6196023473767,1.6522,76295.5715728114,77.1064273636859
1993-07-01,75.8572220642217,0.668092,5.875,41711.3912267697,70.3532457924912,70.4213015678374,1.7147,83001.1333175061,77.5064559158957
1993-08-01,72.7969673843692,0.670338,5.875,42425.2619943443,70.686147586462,69.0549181045809,1.6957,112142.251202148,77.5064559158957
1993-09-01,82.5341413657179,0.65617,5.875,42887.2835029978,71.0190493804328,81.4574756941403,1.62264,93792.7312232922,77.4064459523838
1993-10-01,84.0179012104949,0.6726307,5.875,42701.2349727507,71.0190493804328,79.9859858106332,1.63802,85729.0509715078,77.4064459523838
1993-11-01,89.4892656381099,0.675372,5.375,42225.9973352727,70.7971148511189,80.9319435928878,1.7,86575.6714223254,77.5064559158957
1993-12-01,82.9978163172107,0.67121094,5.375,41334.6671283929,71.0190493804328,78.3042830866252,1.70974,85568.9913972623,77.7064758429195
1994-01-01,80.0302966276568,0.66994,5.375,41767.1327379867,71.0190493804328,70.0008758868354,1.74312,88943.1403049524,78.1065156969672
1994-02-01,82.6268763560165,0.67635477,5.125,42260.9209607567,71.2409839097466,73.0489620741,1.73722,86843.7818696019,78.7065641762009
1994-03-01,94.1260151530379,0.67079729,5.125,43698.4524435102,71.4629184390605,85.0310939826574,1.69233,88245.7259419122,78.8065628378749
1994-04-01,82.3486713851208,0.67451936,5.125,44446.2680526082,72.0177547623451,75.0459840588596,1.69824,89195.1383710839,78.9065728013868
1994-05-01,83.9251662201963,0.66538465,5.125,44551.7432499468,72.239689291659,76.0970482613646,1.6578,90486.6404512096,79.1065927284107
1994-06-01,84.4815761619877,0.6559369,5.125,45229.9986790879,72.239689291659,81.5625821143908,1.6291,92471.5590375984,79.2066026919226
1994-07-01,78.5465367828799,0.64723063,5.125,45458.1462665543,71.7958202330313,72.418323552597,1.57086,91675.221968431,79.4066113171085
1994-08-01,79.8448266470597,0.64825541,5.125,45486.4610930148,72.239689291659,71.8927914513445,1.5646,92921.1513465661,79.6066312441324
1994-09-01,87.7273008224373,0.63960594,5.625,45969.9850517839,72.3506565563159,84.0851362004029,1.55089,93841.6798751042,79.4066113171085
1994-10-01,88.7473857157214,0.62274808,5.625,47211.9086726741,72.239689291659,81.2472628536393,1.5184,94125.9100974462,79.3066013535966
1994-11-01,93.2914002403508,0.62921345,5.625,46155.2540147772,72.3506565563159,85.0310939826574,1.53869,91460.3276316865,79.4066113171085
1994-12-01,85.9653360067646,0.64113277,6.125,46326.6691240768,72.6835583502867,81.8779013751423,1.57228,86201.0169865215,79.6066312441324
1995-01-01,84.2961061813905,0.63501203,6.125,45665.1120315896,72.6835583502867,74.7306647981081,1.5324,87584.7534911213,79.9066498328303
1995-02-01,85.9927439117363,0.63628006,6.625,46142.3982025414,72.9054928796005,75.3613033196111,1.5018,88759.8296506342,80.3066896868779
1995-03-01,97.1548342429586,0.62491667,6.625,47827.0880682749,73.2383946735713,87.7638609091705,1.40656,91943.0672202404,80.3066896868779
1995-04-01,82.5994684510447,0.62171066,6.625,48162.3433787153,73.682263732199,74.2051326968555,1.38059,91398.4298922426,80.4066996503899
1995-05-01,86.4392275249852,0.62984425,6.625,47860.3976856186,74.0151655261698,81.2472628536393,1.40766,91906.6738720867,80.4066996503899
1995-06-01,85.8141504664368,0.62704575,6.625,48383.6598619179,74.1261327908267,80.5115179118858,1.40032,92702.2880541057,80.5067096139018
1995-07-01,80.6349405527496,0.62708867,6.625,48905.9777625636,73.9041982615128,73.9949198563545,1.38936,93012.9550630948,80.7067182390877
1995-08-01,81.3493143339478,0.63728833,6.625,47177.5916106982,74.2371000554836,72.628536393098,1.44511,91165.3974615054,80.7067182390877
1995-09-01,86.4392275249852,0.6422044,6.625,47934.5737734797,74.5700018494544,82.4034334763948,1.46227,93012.3252285939,80.7067182390877
1995-10-01,90.9040636574741,0.63341278,6.625,48187.7682589643,74.4590345847975,81.0370500131383,1.4143,93368.5211712022,80.5067096139018
1995-11-01,93.761558782267,0.6395278,6.625,47526.5013836048,74.4590345847975,85.7668389244109,1.41648,93734.1174103706,80.5067096139018
1995-12-01,84.5639963493399,0.64968604,6.375,47257.6082978559,74.9029036434252,76.4123675221161,1.44074,94553.8743157648,80.8067395044376
1996-01-01,87.4214914741328,0.65355223,6.125,44101.0417970162,74.7919363787683,75.2561968993606,1.46165,93498.1305914617,81.0067481296235
1996-02-01,90.1896898762759,0.6510129,6.125,44688.3347349467,75.124838172739,76.5174739423666,1.4661,94389.947385971,81.5067866453452
1996-03-01,95.2796030673132,0.65480763,5.9375,44675.3269454165,75.3467727020529,81.7727949548918,1.4777,94585.3607692269,81.5067866453452
1996-04-01,85.724853743787,0.65993679,5.9375,44606.1654106773,75.7906417606806,77.6736445651222,1.50608,94965.1519557386,81.5067866453452
1996-05-01,87.4214914741328,0.66030395,5.9375,44614.7089842398,76.1235435546514,77.6736445651222,1.53336,93266.3961180691,81.606807910695
1996-06-01,83.1352487869434,0.64840972,5.6875,44611.76378138,76.2345108193083,77.6736445651222,1.52737,94015.9003541749,81.7068065723691
1996-07-01,84.3854029040403,0.64365441,5.6875,48012.1667169836,75.7906417606806,78.6196023473767,1.50496,93304.1123366448,81.806816535881
1996-08-01,79.8312700489016,0.64531147,5.6875,47787.6547789975,76.2345108193083,71.6825786108435,1.4828,93693.4869523688,81.806816535881
1996-09-01,86.8857111382341,0.64134496,5.6875,43248.7066467457,76.5674126132791,82.8238591573968,1.50583,93948.5377535183,81.806816535881
1996-10-01,94.3866358408154,0.63091362,5.9375,46164.033159159,76.678379877936,84.9259875624069,1.52826,94895.1057112364,81.806816535881
1996-11-01,92.8685915557692,0.60141075,5.9375,45757.7178345191,76.7893471425929,84.6106683016554,1.51169,95270.595891675,81.7068065723691
1996-12-01,86.6178209702848,0.60084063,5.9375,45373.2208598396,77.0112816719068,75.8868354208636,1.55149,91981.6186740215,82.0068364629048
1997-01-01,89.6539095403772,0.60253245,5.9375,41331.5782327156,76.7893471425929,75.1510904791101,1.6043,89976.826100217,82.7068949056504
1997-02-01,88.0058597326497,0.615098,5.9375,40653.9037397532,76.9003144072499,75.5715161601121,1.67467,88697.1999100887,82.8068935673244
1997-03-01,92.4006592199232,0.62296027,5.9375,40031.8919670087,77.0112816719068,78.8298151878777,1.69686,88323.5171682063,82.8068935673244
1997-04-01,91.4118293352866,0.61390889,5.9375,39941.9748524548,77.3441834658776,85.3464132434089,1.71096,88493.5326263302,82.7068949056504
1997-05-01,88.3354696941952,0.61228693,6.25,40299.8354885267,77.6770852598483,74.3102391171061,1.70325,89603.9416488619,82.9069148326742
1997-06-01,89.8736495147409,0.60832775,6.5,39994.781998337,77.7880525245053,85.3464132434089,1.72731,88619.71718441,83.0069134943483
1997-07-01,91.9611792711957,0.59842592,6.75,39482.9328449561,77.6770852598483,83.7698169396514,1.79193,85492.7427175531,83.7069832389317
1997-08-01,82.4024903863762,0.62376559,7.0,39800.0394373342,78.0099870538191,70.4213015678374,1.8424,84934.953204266,83.8069819006058
1997-09-01,94.1585790148324,0.62517273,7.0,40071.2973991347,78.231921583133,86.9230095471665,1.79056,84948.3177350689,83.6069619735819
1997-10-01,100.640908258561,0.61311686,7.0,38254.5768725216,78.3428888477899,88.6047122711745,1.75667,85440.1084550195,83.5069633119079
1997-11-01,95.9164988097418,0.59252793,7.25,37756.951873959,78.3428888477899,86.817903126916,1.7331,84902.9924008956,83.5069633119079
1997-12-01,94.488188976378,0.60191005,7.25,37125.8153320777,78.4538561124468,80.9319435928878,1.77666,85224.6650643064,83.7069832389317
1998-01-01,91.3019593481048,0.61152768,7.25,35215.7195702917,78.120954318476,77.1481124638696,1.81668,84262.6601129355,83.7069832389317
1998-02-01,92.1809192455595,0.60999835,7.25,35313.3969149838,78.3428888477899,79.5655601296312,1.81415,85281.3278780529,83.9069918641177
1998-03-01,103.387657938107,0.60208058,7.25,34205.8529122978,78.5648233771037,91.4425856179381,1.82669,85488.1377206645,83.8069819006058
1998-04-01,93.7190990661051,0.59811586,7.25,35271.6531673355,79.0086924357314,84.0851362004029,1.81471,86956.0317961499,83.9069918641177
1998-05-01,90.42299945065,0.61068243,7.25,35169.2509497783,79.3415942297022,80.9319435928878,1.77458,87535.2194678554,84.0070018276296
1998-06-01,96.2461087712873,0.6061939,7.5,34992.5800098001,79.2306269650453,85.6617325041604,1.79172,87346.5220582248,84.1070117911415
1998-07-01,93.9388390404688,0.6084584,7.5,35622.4594353131,79.0086924357314,87.238328807918,1.7979,87023.8065686838,84.4070303798394
1998-08-01,86.0281999633766,0.6130118,7.5,35660.569221002,79.2306269650453,74.7306647981081,1.7886112,87925.1907881653,84.2070104528156
1998-09-01,97.8941585790148,0.59516585,7.5,36740.6308468054,79.5635287590161,89.5506700534291,1.70295,90016.6606750461,84.0070018276296
1998-10-01,100.421168284197,0.59014916,7.25,37784.1907017947,79.5635287590161,90.4966278356836,1.6378,89174.6204732185,83.9069918641177
1998-11-01,100.531038271379,0.60182971,6.75,37117.2173028538,79.674496023673,89.6557764736796,1.6816,92475.8913894405,83.9069918641177
1998-12-01,97.5645486174693,0.59866941,6.25,37289.5472680808,79.8964305529869,82.5085398966453,1.66862,84250.6605834676,84.0070018276296
1999-01-01,93.3894891045596,0.60567051,6.0,35142.7925496949,79.674496023673,75.2561968993606,,93325.7211402825,83.9069918641177
1999-02-01,95.9164988097418,0.61415035,5.5,34632.6435849886,79.7854632883299,78.8298151878777,,90680.6357835198,84.0070018276296
1999-03-01,110.199597143381,0.61720955,5.5,34377.6378501024,80.2293323469576,92.9140755014452,,92319.7102610722,84.0070018276296
1999-04-01,97.0151986815602,0.62105018,5.25,34203.7721482727,80.5622341409284,83.8749233599019,,92495.5787433334,84.4070303798394
1999-05-01,94.9276689251053,0.61908275,5.25,33943.9916248311,80.7841686702423,80.7217307523868,,89876.0563945039,84.4070303798394
1999-06-01,100.750778245743,0.62670588,5.0,33728.7143475461,80.6732014055853,89.130244372427,,89855.5248646092,84.5070403433513
1999-07-01,96.6855887200146,0.63549292,5.0,44224.7152980693,80.3402996116146,84.2953490409039,,90922.5994262141,84.907080197399
1999-08-01,93.2796191173778,0.6223,5.0,39334.3475782601,80.5622341409284,78.6196023473767,,90777.1829674906,84.8070702338871
1999-09-01,104.046877861198,0.61622,5.25,44362.7139938253,80.7841686702423,91.5476920381886,,94780.6366800302,84.6070503068632
1999-10-01,103.387657938107,0.603,5.25,44383.1776551368,80.7841686702423,90.0762021546816,,93576.8369342501,84.5070403433513
1999-11-01,108.661417322834,0.61603,5.5,46640.032789869,80.8951359348992,94.3855653849522,,91238.6946499645,84.7070602703752
1999-12-01,100.860648232924,0.61977,5.5,46188.2882215174,81.117070464213,87.7638609091705,,93407.1937420089,85.007078859073
2000-01-01,96.2461087712873,0.60922,5.75,48601.8119837904,80.5622341409284,79.2502408688797,,91214.8475979144,85.2070987860969
2000-02-01,101.409998168834,0.62499,6.0,44177.7627588612,80.7841686702423,87.238328807918,,92308.1666359704,85.3071087496088
2000-03-01,112.177256912653,0.63303,6.0,42545.8353145281,81.0061031995561,96.4876937899623,,92584.2473092692,85.3071087496088
2000-04-01,94.5980589635597,0.6316,6.0,43481.6388856103,81.3390049935269,83.1391784181483,,88348.8037071884,85.3071087496088
2000-05-01,102.069218091925,0.66307,6.0,44354.9237357523,81.5609395228408,95.4366295874573,,89093.3072385796,85.2070987860969
2000-06-01,104.046877861198,0.66312,6.0,45252.2671222392,81.6719067874977,87.448541648419,,91652.7328086527,85.6071386401446
2000-07-01,96.5757187328329,0.66294,6.0,45555.7061514442,81.3390049935269,87.238328807918,,87447.1731953103,86.0071671923544
2000-08-01,98.5533785021058,0.67128,6.0,44575.0852502385,81.3390049935269,85.7668389244109,,85312.7509767668,85.8071472653305
2000-09-01,103.058047976561,0.6973,6.0,44384.4303822739,81.8938413168115,94.4906718052027,,88268.2856414149,86.0071671923544
2000-10-01,107.013367515108,0.68894,6.0,45959.3977874181,81.8938413168115,94.4906718052027,,84676.220970799,85.9071572288425
2000-11-01,110.419337117744,0.70142,6.0,47948.094446315,82.1157758461254,99.4306735569764,,86338.7470141119,86.0071671923544
2000-12-01,101.409998168834,0.68426,6.0,50911.1774245744,82.1157758461254,88.499605850924,,87496.8704852706,86.7072256350999
2001-01-01,105.475187694561,0.6765,6.0,49481.9166916296,81.5609395228408,88.289393010423,,85323.9290498273,86.4072070464021
2001-02-01,102.948177989379,0.68787,5.75,46189.9177051598,81.7828740521546,87.868967329421,,84620.9621084814,86.9072342602859
2001-03-01,116.132576451199,0.69205,5.75,46706.2216155263,82.0048085814685,98.4847157747219,,82149.8549454819,86.9072342602859
2001-04-01,102.618568027834,0.69698,5.5,46600.6104957031,82.5596449047531,87.1332223876675,,81419.5900272626,87.3072741143336
2001-05-01,106.464017579198,0.70166,5.25,46901.0982199591,83.1144812280377,92.4936498204432,,81401.6900129436,87.6073040048693
2001-06-01,105.804797656107,0.71375,5.25,47802.9759030014,83.2254484926947,89.7608828939301,,81328.8840152156,87.7073026665434
2001-07-01,102.948177989379,0.70732,5.25,46198.6612904239,82.67061216941,88.3944994306735,,81354.2128892034,87.8073239318932
2001-08-01,102.39882805347,0.69595,5.0,47673.7369002732,83.0035139633808,85.7668389244109,,82060.1877934432,87.6073040048693
2001-09-01,104.925837758653,0.68372,4.75,47758.2473010778,83.2254484926947,90.0762021546816,,86590.642741876,87.6073040048693
2001-10-01,113.935176707563,0.68902,4.5,47386.1976425384,83.1144812280377,94.4906718052027,,86153.4091981325,87.5072940413574
2001-11-01,113.935176707563,0.69619,4.0,47480.9786516279,83.1144812280377,95.0162039064552,,84971.4112635429,87.3072741143336
2001-12-01,102.508698040652,0.69485,4.0,47417.4677094427,83.2254484926947,80.7217307523868,,82131.8875539414,88.1073425205911
2002-01-01,105.694927668925,0.6982,4.0,47749.1697159337,83.0035139633808,85.0310939826574,,84206.3609219066,88.207352484103
2002-02-01,102.728438015015,0.703,4.0,48144.9203655003,83.2254484926947,83.8749233599019,,85876.6688249556,88.5073710728009
2002-03-01,111.737776963926,0.70305,4.0,47747.4348822936,83.4473830220085,89.6557764736796,,85429.2419000849,88.7073909998247
2002-04-01,106.024537630471,0.69321,4.0,48844.6887327343,83.8912520806362,91.6527984584391,,85249.1772621846,88.6073810363128
2002-05-01,109.320637245926,0.68527,4.0,49777.7115511284,84.1131866099501,85.0310939826574,,86233.4322421509,88.7073909998247
2002-06-01,99.9816883354697,0.67293,4.0,52410.4540393042,84.1131866099501,90.8119470964351,,86372.8343569158,88.7073909998247
2002-07-01,109.650247207471,0.64376,4.0,52047.2467590413,83.8912520806362,91.4425856179381,,85720.4812017634,88.8074009633366
2002-08-01,102.838308002197,0.651,4.0,52214.915458054,84.1131866099501,82.7187527371463,,86049.380618462,88.7073909998247
2002-09-01,111.847646951108,0.64327,4.0,54473.7122540696,84.3351211392639,92.9140755014452,,87826.1280899656,88.7073909998247
2002-10-01,117.451016297382,0.64219,4.0,55206.6882834868,84.4460884039208,95.4366295874573,,86313.2790944519,88.6073810363128
2002-11-01,114.594396630654,0.64037,4.0,56175.3550011013,84.4460884039208,94.8059910659542,,87059.1611657347,88.3073624476149
2002-12-01,108.771287310016,0.63043,4.0,54959.2819989798,84.6680229332347,82.9289655776473,,89142.5411974245,89.1074308538724
2003-01-01,110.199597143381,0.61875,4.0,49748.8463980421,84.224153874607,85.4515196636594,,91874.3025311112,89.1074308538724
2003-02-01,108.881157297198,0.62134,3.75,49731.149860013,84.4460884039208,86.7127967066655,,90206.8652124703,89.6074580677562
2003-03-01,118.439846182018,0.63182,3.75,48857.7213384629,84.7789901978916,92.7038626609442,,89862.760074594,89.707479333106
2003-04-01,109.540377220289,0.63527,3.75,48767.4859511714,85.2228592565193,89.3404572129281,,88522.2767918042,89.4074494425703
2003-05-01,107.672587438198,0.61623,3.75,51195.3443894877,85.2228592565193,87.5536480686695,,92793.2974123243,89.2074295155464
2003-06-01,109.430507233108,0.60224,3.75,51788.0584595405,85.1118919918624,87.028115967417,,89710.9343758783,89.5074594060822
2003-07-01,110.529207104926,0.61551,3.5,52063.2738341004,85.0009247272055,92.9140755014452,,89548.6427373674,89.707479333106
2003-08-01,101.080388207288,0.62734,3.5,52119.5786812211,85.2228592565193,78.1991766663747,,92510.5622198006,89.707479333106
2003-09-01,114.045046694744,0.62108,3.5,54428.498488509,85.4447937858332,93.8600332836997,,95024.292450502,89.6074580677562
2003-10-01,120.637245925655,0.5966,3.5,53658.2003479496,85.5557610504901,96.6979066304633,,94787.0016246335,89.6074580677562
2003-11-01,113.385826771654,0.59212,3.75,54493.2595954985,85.5557610504901,94.4906718052027,,95528.6094669823,89.4074494425703
2003-12-01,112.067386925471,0.57137,3.75,56349.6810400796,85.7776955798039,87.238328807918,,96835.2084084991,90.1075078853158
2004-01-01,109.979857169016,0.54898,3.75,53693.0248138213,85.4447937858332,84.5055618814049,,95176.5912064209,90.1075078853158
2004-02-01,110.089727156198,0.53559,4.0,53821.3762269977,85.666728315147,87.448541648419,,94885.1938793237,90.3075278123397
2004-03-01,124.482695477019,0.54718,4.0,57126.9220241875,85.7776955798039,101.322589121486,,97523.5692535317,90.6075464010375
2004-04-01,111.518036989563,0.55479,4.0,55470.1032456542,86.1105973737747,92.1783305596917,,93489.7848459752,90.9075762915733
2004-05-01,107.342977476653,0.56001,4.25,56132.4027158111,86.4434991677455,88.8149251116755,,93252.2586224885,91.1075962185972
2004-06-01,113.275956784472,0.54721,4.5,55866.4323919391,86.4434991677455,96.9081194709643,,93817.3220700488,91.1075962185972
2004-07-01,108.331807361289,0.54309,4.5,56471.9572933969,86.2215646384317,93.2293947621967,,91786.3692104124,91.3076048437831
2004-08-01,102.39882805347,0.54963,4.75,56159.6498244751,86.4434991677455,85.2413068231584,,93368.1738706843,91.407614807295
2004-09-01,112.067386925471,0.55782,4.75,56565.8550210103,86.4434991677455,98.8000350354734,,94311.1059136819,91.2075948802712
2004-10-01,110.748947079289,0.55379,4.75,58112.2093275547,86.6654336970594,97.2234387317158,,94608.3123311252,91.3076048437831
2004-11-01,116.242446438381,0.53776,4.75,61621.9719335405,86.8873682263732,99.7459928177279,,97881.6335695657,91.1075962185972
2004-12-01,109.430507233108,0.51831,4.75,62138.1949987523,87.220270020344,92.1783305596917,,97169.9684405447,92.1076732500406
2005-01-01,104.486357809925,0.53086,4.75,58400.4355419305,86.8873682263732,87.028115967417,,95698.2767608339,91.407614807295
2005-02-01,106.134407617653,0.52982,4.75,59052.5187069391,87.1093027556871,88.9200315319261,,96381.8204626823,91.8076546613427
2005-03-01,115.912836476836,0.52481,4.75,62089.411840531,87.4422045496578,98.2745029342209,,95689.9293310369,92.2076832135525
2005-04-01,109.869987181835,0.52782,4.75,60780.3751969317,87.7751063436286,97.6438644127178,,96317.6074265052,92.0076632865287
2005-05-01,108.771287310016,0.53849,4.75,59532.0878318809,88.1080081375994,90.3915214154331,,93977.18336217,92.2076832135525
2005-06-01,113.495696758836,0.54982,4.75,60525.1066718712,88.1080081375994,102.688972584742,,95189.0714321597,92.3076931770644
2005-07-01,105.36531770738,0.57127,4.75,60351.721367301,88.2189754022563,93.4396076026977,,93567.3939122354,92.7077217292742
2005-08-01,104.925837758653,0.55765,4.5,61505.9406279548,88.4409099315702,89.2353507926776,,93149.907871838,92.8077316927861
2005-09-01,113.715436733199,0.5531,4.5,60520.8685592486,88.662844460884,103.214504685994,,99722.3010831268,92.9077416562981
2005-10-01,111.188427028017,0.56701,4.5,58958.3829765996,88.773811725541,98.5898221949724,,98987.4425116676,93.00775161981
2005-11-01,117.341146310199,0.57634,4.5,59252.3465211188,88.773811725541,105.316633091005,,100408.041869635,92.7077217292742
2005-12-01,112.506866874199,0.57299,4.5,59135.108205007,89.1067135195117,96.9081194709643,,101675.919831833,93.4077914738577
2006-01-01,110.419337117744,0.56619,4.5,59979.6275474361,88.773811725541,93.9651397039502,,107811.737211582,93.107750281484
2006-02-01,109.979857169016,0.57206,4.5,58031.9046728179,88.9957462548548,93.9651397039502,,104480.011993409,93.5077901355317
2006-03-01,126.240615271928,0.57359,4.5,60603.7563427971,89.2176807841687,108.890251379522,,107692.770568084,93.5077901355317
2006-04-01,108.661417322834,0.56615,4.5,63820.1538772281,89.7725171074533,93.1242883419462,,112756.334450411,93.8078200260675
2006-05-01,116.132576451199,0.53491,4.5,66827.201623205,90.216386166081,102.688972584742,,115083.598321515,93.8078200260675
2006-06-01,117.780626258927,0.5425,4.5,63016.5052488203,90.4383206953949,101.953227642988,,110652.573016462,94.0078286512534
2006-07-01,109.320637245926,0.54221,4.5,62219.4802809173,90.4383206953949,98.4847157747219,,113344.950497837,94.4078685053011
2006-08-01,110.529207104926,0.52833,4.75,62754.9561805437,90.7712224893656,96.9081194709643,,111656.965054406,94.2078485782773
2006-09-01,116.242446438381,0.53017,4.75,62199.0243064434,90.8821897540226,105.842165192257,,108416.867164202,93.9078186877415
2006-10-01,118.659586156382,0.53337,4.75,62051.1987560866,90.9931570186795,105.631952351756,,108662.661246604,94.0078286512534
2006-11-01,122.395165720564,0.52315,5.0,64400.4954773245,91.2150915479933,112.148550407287,,113517.520427818,94.0078286512534
2006-12-01,111.737776963926,0.50921,5.0,63823.5773136433,91.658960606621,99.1153542962249,,111637.061618339,94.707887093999
2007-01-01,115.583226515291,0.5104,5.25,61592.5672506114,91.1041242833364,100.586844179732,,113720.425787111,94.707887093999
2007-02-01,110.968687053653,0.51103,5.25,64178.0227963176,91.4370260773072,100.16641849873,,114797.525554807,95.1079269480467
2007-03-01,122.1754257462,0.51356,5.25,67958.5495368345,91.8808951359349,113.935359551546,,114500.326083921,95.3079468750705
2007-04-01,108.99102728438,0.50254,5.25,67883.958365546,92.2137969299057,101.217482701235,,117886.682926227,95.8079853907923
2007-05-01,114.924006592199,0.50414,5.5,67658.8053095427,92.4357314592195,105.631952351756,,116461.633254319,95.8079853907923
2007-06-01,111.408167002381,0.50362,5.5,77276.9728643568,92.6576659885334,108.57493211877,,114803.391588171,95.8079853907923
2007-07-01,108.661417322834,0.49184,5.75,66612.6372501146,92.2137969299057,107.418761496015,,116544.302228104,96.308023906514
2007-08-01,108.221937374108,0.49768,5.75,67309.6812920811,92.5466987238764,102.163440483489,,117574.963575284,96.208013943002
2007-09-01,109.540377220289,0.4959,5.75,70943.4576982641,92.6576659885334,108.890251379522,,126190.906699193,96.4080338700259
2007-10-01,118.5497161692,0.48943,5.75,76124.446247452,92.9905677825042,116.87833931856,,130979.500189692,96.6080537970497
2007-11-01,118.5497161692,0.48292,5.75,78480.9758392937,93.3234695764749,117.614084260314,,130480.889165665,97.1080923127714
2007-12-01,108.221937374108,0.4942,5.5,77742.8974660979,93.7673386351026,99.4306735569764,,136234.442207152,97.7081407920051
2008-01-01,112.177256912653,0.50771,5.5,79426.5838204347,93.3234695764749,106.47280371376,,147199.788026282,97.4081109014693
2008-02-01,112.836476835744,0.50925,5.25,83004.2049943267,93.8783058997596,108.890251379522,,153278.408976821,97.808150755517
2008-03-01,113.715436733199,0.49913,5.25,81468.662926433,94.2112076937303,107.734080756766,,149964.839632566,98.3081892712387
2008-04-01,113.166086797289,0.5048,5.0,77586.0360838888,94.9879785463288,117.824297100815,,144308.117803428,98.1081693442149
2008-05-01,109.210767258744,0.50881,5.0,76069.9285585475,95.5428148696135,104.791100989752,,143960.736028116,98.7082178234485
2008-06-01,109.540377220289,0.5092,5.0,74452.7099200008,96.0976511928981,113.514933870544,,149834.718455166,98.9082377504724
2008-07-01,110.529207104926,0.50284,5.0,69505.2201625975,96.0976511928981,110.992379784532,,146967.626851449,99.508286229706
2008-08-01,100.860648232924,0.51293,5.0,64860.792735662,96.6524875161827,97.1183323114653,,136721.957481807,99.2082676410081
2008-09-01,112.396996887017,0.55668,5.0,63348.9773300273,97.0963565748104,114.77621091355,,141567.869920473,99.1082576774962
2008-10-01,115.583226515291,0.59215,4.5,59674.7394028366,96.8744220454966,112.568976088289,,124519.82250664,98.9082377504724
2008-11-01,106.903497527925,0.65164,3.0,61543.1463198778,96.8744220454966,104.160462468249,,133249.866867421,98.4081992347507
2008-12-01,106.683757553561,0.672455,2.0,64738.3299248095,96.6524875161827,91.6527984584391,,138043.265662199,98.8082390887983
2009-01-01,101.739608130379,0.694118,1.5,58807.7554171231,96.0976511928981,83.4544976788999,,141038.994380464,98.3081892712387
2009-02-01,100.421168284197,0.69437,1.0,60301.7839267374,96.7634547808397,83.1391784181483,,144423.818333444,98.9082377504724
2009-03-01,111.188427028017,0.708614891167414,0.5,63212.8765014943,96.8744220454966,94.0702461242007,,143258.362054259,98.7082178234485
2009-04-01,103.167917963743,0.6804913466759,0.5,65187.1093195772,97.0963565748104,84.4004554611544,,139522.966930345,98.8082390887983
2009-05-01,98.5533785021058,0.649203353379523,0.5,69981.643016657,97.5402256334381,84.5055618814049,,151761.272160474,98.7082178234485
2009-06-01,103.937007874016,0.6113946705859,0.5,70808.4646575044,97.762160162752,90.8119470964351,,147253.523491776,99.0082477139843
2009-07-01,102.838308002197,0.61165630603677,0.5,68563.4088365151,97.6511928980951,91.3374791976876,,148625.511971381,99.0082477139843
2009-08-01,91.9611792711957,0.604287020390287,0.5,80134.4546457691,97.9840946920658,80.8268371726373,,165088.528665501,99.2082676410081
2009-09-01,103.497527925288,0.612146716720502,0.5,82513.9553488031,97.9840946920658,99.6408863974774,,170421.854101552,98.9082377504724
2009-10-01,105.035707745835,0.618104620227254,0.5,83223.459661207,98.0950619567228,98.5898221949724,,176492.561558112,98.9082377504724
2009-11-01,104.925837758653,0.602907562848925,0.5,83770.2255038837,98.3169964860366,98.8000350354734,,189894.110635017,98.8082390887983
2009-12-01,103.277787950925,0.615736673919478,0.5,79618.1636002467,98.6498982800074,89.4455636331786,,180847.544606549,99.6083074950558
2010-01-01,97.784288591833,0.61837537576782,0.5,79868.1368540038,98.5389310153505,84.7157747219059,,178251.871309273,99.0082477139843
2010-02-01,99.761948361106,0.640313866767173,0.5,81100.8834918811,98.7608655446643,89.130244372427,,182280.25927548,99.408287568032
2010-03-01,114.484526643472,0.664588140823565,0.5,86637.8810928754,99.204734603292,106.683016554261,,182386.9086796,99.9083260837537
2010-04-01,100.091558322651,0.652538926354132,0.5,89020.3980684537,99.7595709265766,96.4876937899623,,189539.331755199,100.008336047266
2010-05-01,97.0151986815602,0.683477159499202,0.5,87352.9234858649,99.9815054558905,95.6468424279583,,193127.214386532,99.9083260837537
2010-06-01,101.080388207288,0.683753240734918,0.5,88901.2866378478,100.092472720547,103.529823946746,,197502.505669555,99.9083260837537
2010-07-01,95.80662882256,0.654080079169184,0.5,89449.2094187062,99.8705381912336,99.0102478759744,,189845.25403167,100.108346010777
2010-08-01,92.1809192455595,0.629095947065532,0.5,89699.4830989876,100.314407249861,93.3345011824472,,198218.036541122,100.208344672452
2010-09-01,100.091558322651,0.642172293893786,0.5,95091.6277609198,100.314407249861,108.259612858019,,205323.907701872,100.108346010777
2010-10-01,100.311298297015,0.630602623252059,0.5,94606.4341933218,100.536341779175,107.523867916265,,209615.39870167,100.208344672452
2010-11-01,102.838308002197,0.626252102394609,0.5,94168.0425190508,100.869243573146,111.517911885784,,212583.091698763,100.308354635963
2010-12-01,98.5533785021058,0.640902391,0.5,98072.5976144247,101.756981690401,104.160462468249,,216497.323889943,100.908414417035
2011-01-01,93.8289690532869,0.643824490391896,0.5,100969.753289902,101.867948955058,96.5928002102128,,207993.817419563,100.708394490011
2011-02-01,92.1809192455595,0.620199609428783,0.5,105076.011663512,102.422785278343,102.478759744241,,217280.715309815,101.308442969245
2011-03-01,105.585057681743,0.618555867910639,0.5,107429.524829311,102.755687072314,117.614084260314,,222103.259934148,101.908491448479
2011-04-01,90.5328694378319,0.611931417263542,0.5,112688.184174396,103.532457924912,102.163440483489,,234305.007012225,101.908491448479
2011-05-01,93.6092290789233,0.612771123264387,0.5,109136.74762558,103.754392454226,112.989401769291,,234211.724364655,101.908491448479
2011-06-01,97.4546786302875,0.610928002311439,0.5,108877.092189253,103.754392454226,103.529823946746,,230621.97592822,102.00850141199
2011-07-01,90.3131294634683,0.620222638472582,0.5,114213.189656829,103.754392454226,105.316633091005,,244944.115606985,102.208510037176
2011-08-01,90.5328694378319,0.610779915429517,0.5,117221.205916627,104.198261512854,103.109398265744,,265506.668814908,102.308531302526
2011-09-01,97.3448086431057,0.63364796889637,0.5,110630.182177129,104.864065100795,113.304721030043,,244002.069921641,102.508539927712
2011-10-01,95.4770188610145,0.634544234149956,0.5,113226.493089153,104.864065100795,107.418761496015,,255179.733748603,102.508539927712
2011-11-01,100.201428309833,0.631473630567336,0.5,113582.045643285,105.085999630109,115.511955855303,,256823.98135616,102.708559854736
2011-12-01,94.5980589635597,0.64081113079949,0.5,109734.174591288,105.41890142408,104.160462468249,,238854.02088741,102.90857978176
2012-01-01,93.7190990661051,0.644326580247192,0.5,112622.808177196,105.085999630109,100.902163440484,,257661.357072374,102.808569818248
